{
    "$schema": "http://schema.management.azure.com/schemas/2015-01-01/deploymentTemplate.json",
    "contentVersion": "1.1.0.0",
    "parameters": {
        "name": {
            "type": "String"
        },
        "location": {
            "type": "String"
        },
        "apiVersion": {
            "type": "String"
        },
        "sku": {
            "type": "String"
        }
    },
    "resources": [
        {
            "type": "Microsoft.StreamAnalytics/StreamingJobs",
            "name": "[parameters('name')]",
            "apiVersion": "[parameters('apiVersion')]",
            "location": "[parameters('location')]",
            "properties": {
                "sku": {
                    "name": "[parameters('sku')]"
                },
                "outputErrorPolicy": "stop",
                "eventsOutOfOrderPolicy": "adjust",
                "eventsOutOfOrderMaxDelayInSeconds": 0,
                "eventsLateArrivalMaxDelayInSeconds": 5,
                "dataLocale": "en-US",
                "inputs": [],
                "transformation": {
                    "name": "Transformation",
                    "properties": {
                        "streamingUnits": 1,
                        "query": "SELECT\r\n    *\r\nINTO\r\n    [YourOutputAlias]\r\nFROM\r\n    [YourInputAlias]"
                    }
                }
            }
        }
    ]
}