{
    "$schema": "https://schema.management.azure.com/schemas/2015-01-01/deploymentParameters.json#",
    "contentVersion": "1.0.0.0",
    "parameters": {
        "name": {
            "value": "msformationsb"
        },
        "accountType": {
            "value": "Standard_RAGRS"
        },
        "location": {
            "value": "northeurope"
        },
        "encryptionEnabled": {
            "value": false
        },
        "accessTier": {
            "value": "Hot"
        }
    }
}