{
    "$schema": "https://schema.management.azure.com/schemas/2015-01-01/deploymentTemplate.json#",
    "contentVersion": "1.0.0.0",
    "parameters": {
        "name": {
            "type": "String"
        },
        "accountType": {
            "type": "String"
        },
        "location": {
            "type": "String"
        },
        "encryptionEnabled": {
            "defaultValue": false,
            "type": "Bool"
        },
        "accessTier": {
            "allowedValues": [
                "Cool",
                "Hot"
            ],
            "type": "String"
        }
    },
    "resources": [
        {
            "type": "Microsoft.Storage/storageAccounts",
            "sku": {
                "name": "[parameters('accountType')]"
            },
            "kind": "BlobStorage",
            "name": "[parameters('name')]",
            "apiVersion": "2016-01-01",
            "location": "[parameters('location')]",
            "properties": {
                "accessTier": "[parameters('accessTier')]",
                "encryption": {
                    "services": {
                        "blob": {
                            "enabled": "[parameters('encryptionEnabled')]"
                        },
                        "file": null
                    },
                    "keySource": "Microsoft.Storage"
                }
            }
        }
    ]
}