{
    "$schema": "http://schema.management.azure.com/schemas/2015-01-01/deploymentTemplate.json",
    "contentVersion": "1.0.0.0",
    "parameters": {
        "name": {
            "type": "String"
        },
        "location": {
            "type": "String"
        },
        "sku_name": {
            "type": "String"
        },
        "sku_units": {
            "type": "String"
        },
        "d2c_partitions": {
            "type": "String"
        },
        "features": {
            "type": "String"
        }
    },
    "resources": [
        {
            "type": "Microsoft.Devices/IotHubs",
            "sku": {
                "name": "[parameters('sku_name')]",
                "capacity": "[parameters('sku_units')]"
            },
            "name": "[parameters('name')]",
            "apiVersion": "2016-02-03",
            "location": "[parameters('location')]",
            "properties": {
                "eventHubEndpoints": {
                    "events": {
                        "retentionTimeInDays": 1,
                        "partitionCount": "[parameters('d2c_partitions')]"
                    }
                },
                "features": "[parameters('features')]"
            }
        }
    ]
}